Scholarship Name,Apply Link
Order Sons of Italy in America National Leadership Grant,http://www.osia.org/students/scholarships.php
Entrance Scholarship,http://www.artacademy.edu/admissions/undergraduate/financial_aid/art-academy-scholarships.php
Agnes Jones Jackson Scholarship,http://www.naacp.org
Fellowship in Jewish Studies,http://www.mfjc.org/support/howto.html
Doctoral Scholarship,http://www.mfjc.org/support/howto.html
AGBU Fellowships for U.S. Based Study,http://agbu.org/education/scholarships/
Anna and Charles Stockwitz Children and Youth Loan,http://www.jfcs.org/find-help/financial-assistance/financial-aid-center/educational-loans-grants/
Vivienne Camp College Scholarship,http://www.jfcs.org/find-help/financial-assistance/financial-aid-center/educational-loans-grants/
Jacob Rassen Memorial Scholarship,http://www.jfcs.org/find-help/financial-assistance/financial-aid-center/educational-loans-grants/
Stanley Olson Youth Scholarship,http://www.jfcs.org/find-help/financial-assistance/financial-aid-center/educational-loans-grants/
"Scholarship for Children of Disabled, Deceased, Combat and POW/MIA Veterans",https://www.milvets.nc.gov/benefits/education-scholarships
American Legion-Alabama Scholarship,http://www.legion.org/scholarships
Outstanding Senior Baseball Player Scholarship,http://www.ialegion.org/american_legacy_scholarship.htm
Oratorical Speech Scholarship Contest,http://www.michiganlegion.org/scholarships.html
Oratorical Contest Scholarship,http://www.nebraskalegion.net/Programs/Scholarships.html
Medical and Teaching Scholarship,http://nylegion.net/programs-services/#h28
Verne R. Dapp Memorial Scholarship,http://www.ans.org
Dental Student Scholarships,http://www.adafoundation.org/en/how-to-apply/education
Halton Foundation/Caterpillar Matching Grant,http://www.pcc.edu/about/foundation/scholarships
Maxine Williams Scholarship,http://www.aama-ntl.org/about/endowment/scholarship-application
Navy Supply Corps Foundation Scholarship,https://www.usnscf.com/Foundation/pages/Programs/Scholarship
NYS Regents Awards for Children of Deceased and Disabled Veterans,https://www.hesc.ny.gov/pay-for-college/financial-aid/types-of-financial-aid/nys-grants-scholarships-awards/nys-regents-awards-for-children-of-deceased-and-disabled-veterans.html
"Memorial Scholarship for Families of Deceased Police Officers, Firefighters, Peace Officers, and Emergency Medical Service Workers",https://www.hesc.ny.gov/pay-for-college/financial-aid/types-of-financial-aid.html#horizontalTab2
Sarah Bradley Tyson Memorial Fellowship,https://www.wnfga.org/scholarships/fellowships/
Suburban Hospital Casey Scholarships,http://www.hopkinsmedicine.org/suburban_hospital/careers/education_career_development.html
Full-time Employee Scholarship,http://www.atca.org/scholarship
Elks National Foundation Most Valuable Student Award,http://www.elks.org/scholars/scholarships/MVS.cfm
National Honor Society Scholarship,https://www.nhs.us/students/the-nhs-scholarship
California Farm Bureau Scholarship,http://www.cfbf.com/scholarship-foundation
Albert W. Dent Scholarship,http://www.ache.org/Faculty_Students/dent_scholarship.cfm
David C. Goodwin Memorial Scholarship,http://www.njamericanlegion.org
AMS Undergraduate Scholarship,http://www.ametsoc.org/amsstudentinfo/scholfeldocs/undergradscholarship.html
Scholarship for Professional Degree Candidates,http://www.archfoundation.org/programs/
J. Clawson Mills Fellowship,http://www.metmuseum.org/about-the-met/fellowships/art-history-fellowships/
Fukunaga Scholarship Foundation,http://servco.com/philanthropy/scholarships.php
Hansen Leaders of Tomorrow,https://danehansenfoundation.org/?page_id=1447
Franklin Lindsay Loan,http://www.franklinlindsay.org/apply.html
Daniel Ashley and Irene Houston Jewell Foundation Scholarship,http://jewellfoundation.org/scholarships/
Northern Virginia Urban League Scholarship,http://www.nvul.org/scholarships
Albert Shanker College Scholarship,http://www.uft.org/parents/scholarship-fund
Graduate Student Scholarship,http://www.ashfoundation.org/grants/default.htm
Graduate Student Scholarship for a Minority Student,http://www.ashfoundation.org/grants/default.htm
Dorothy Lemke Howarth Scholarship,http://societyofwomenengineers.swe.org/scholarships
Boy Scout of the Year Scholarship,http://www.ialegion.org/american_legacy_scholarship.htm
Mortar Board National Foundation Fellowship,http://www.mortarboard.org/About/Fellowships/
Trent R. Dames &amp; William W. Moore Fellowship,http://www.asce.org/dames-and-moore/
Samuel Fletcher Tapman ASCE Student Chapter/Club Scholarship,http://www.asce.org/scholarships/tapman/
AGC Education and Research Foundation Graduate Award,https://www.agc.org/learn/education-and-research-foundation/agc-foundation-awards
AGC Education and Research Foundation Undergraduate Scholarship,https://www.agc.org/learn/education-and-research-foundation/scholarship-program
